[
    {
        "id": "92eb4b58d1b24032",
        "type": "tab",
        "label": "Settings",
        "disabled": false,
        "info": "",
        "env": []
    },
    {
        "id": "f011ae5bd5917889",
        "type": "exec",
        "z": "92eb4b58d1b24032",
        "command": "C:\\videotools\\arena7atboot.lnk",
        "addpay": "",
        "append": "",
        "useSpawn": "false",
        "timer": "",
        "winHide": false,
        "oldrc": false,
        "name": "",
        "x": 810,
        "y": 180,
        "wires": [
            [],
            [],
            []
        ]
    },
    {
        "id": "48fe64612befc3ab",
        "type": "inject",
        "z": "92eb4b58d1b24032",
        "name": "",
        "props": [
            {
                "p": "payload"
            },
            {
                "p": "topic",
                "vt": "str"
            }
        ],
        "repeat": "",
        "crontab": "",
        "once": false,
        "onceDelay": 0.1,
        "topic": "",
        "payload": "",
        "payloadType": "date",
        "x": 160,
        "y": 180,
        "wires": [
            [
                "28e7bf80892f5b0b"
            ]
        ]
    },
    {
        "id": "b26b2236b51778cc",
        "type": "exec",
        "z": "92eb4b58d1b24032",
        "command": "C:\\videotools\\arena7not.lnk",
        "addpay": "",
        "append": "",
        "useSpawn": "false",
        "timer": "",
        "winHide": false,
        "oldrc": false,
        "name": "",
        "x": 800,
        "y": 240,
        "wires": [
            [],
            [],
            []
        ]
    },
    {
        "id": "103a7922bc349962",
        "type": "inject",
        "z": "92eb4b58d1b24032",
        "name": "",
        "props": [
            {
                "p": "payload"
            },
            {
                "p": "topic",
                "vt": "str"
            }
        ],
        "repeat": "",
        "crontab": "",
        "once": false,
        "onceDelay": 0.1,
        "topic": "",
        "payload": "",
        "payloadType": "date",
        "x": 120,
        "y": 240,
        "wires": [
            [
                "5432c6f501f3f3b8"
            ]
        ]
    },
    {
        "id": "eee3d59843efec34",
        "type": "exec",
        "z": "92eb4b58d1b24032",
        "command": "C:\\videotools\\qlightatboot.lnk",
        "addpay": "",
        "append": "",
        "useSpawn": "false",
        "timer": "",
        "winHide": false,
        "oldrc": false,
        "name": "",
        "x": 800,
        "y": 560,
        "wires": [
            [],
            [],
            []
        ]
    },
    {
        "id": "cfc7a2bf39c2b645",
        "type": "inject",
        "z": "92eb4b58d1b24032",
        "name": "",
        "props": [
            {
                "p": "payload"
            },
            {
                "p": "topic",
                "vt": "str"
            }
        ],
        "repeat": "",
        "crontab": "",
        "once": false,
        "onceDelay": 0.1,
        "topic": "",
        "payload": "",
        "payloadType": "date",
        "x": 180,
        "y": 560,
        "wires": [
            [
                "690478b367092664"
            ]
        ]
    },
    {
        "id": "b249f65a0e391ad5",
        "type": "exec",
        "z": "92eb4b58d1b24032",
        "command": "C:\\videotools\\qlightnot.lnk",
        "addpay": "",
        "append": "",
        "useSpawn": "false",
        "timer": "",
        "winHide": false,
        "oldrc": false,
        "name": "",
        "x": 790,
        "y": 620,
        "wires": [
            [],
            [],
            []
        ]
    },
    {
        "id": "70931c07ef0e4e1d",
        "type": "inject",
        "z": "92eb4b58d1b24032",
        "name": "",
        "props": [
            {
                "p": "payload"
            },
            {
                "p": "topic",
                "vt": "str"
            }
        ],
        "repeat": "",
        "crontab": "",
        "once": false,
        "onceDelay": 0.1,
        "topic": "",
        "payload": "",
        "payloadType": "date",
        "x": 180,
        "y": 620,
        "wires": [
            [
                "d80b2c5a8c8796f5"
            ]
        ]
    },
    {
        "id": "28e7bf80892f5b0b",
        "type": "ui_button",
        "z": "92eb4b58d1b24032",
        "name": "",
        "group": "60858926ba104e9f",
        "order": 1,
        "width": 4,
        "height": 1,
        "passthru": true,
        "label": "Arena 7 boot enable",
        "tooltip": "",
        "color": "",
        "bgcolor": "",
        "className": "",
        "icon": "",
        "payload": "",
        "payloadType": "str",
        "topic": "topic",
        "topicType": "msg",
        "x": 420,
        "y": 180,
        "wires": [
            [
                "f011ae5bd5917889"
            ]
        ]
    },
    {
        "id": "5432c6f501f3f3b8",
        "type": "ui_button",
        "z": "92eb4b58d1b24032",
        "name": "",
        "group": "60858926ba104e9f",
        "order": 2,
        "width": 4,
        "height": 1,
        "passthru": true,
        "label": "Arena 7 boot disable",
        "tooltip": "",
        "color": "",
        "bgcolor": "",
        "className": "",
        "icon": "",
        "payload": "",
        "payloadType": "str",
        "topic": "topic",
        "topicType": "msg",
        "x": 420,
        "y": 240,
        "wires": [
            [
                "b26b2236b51778cc"
            ]
        ]
    },
    {
        "id": "690478b367092664",
        "type": "ui_button",
        "z": "92eb4b58d1b24032",
        "name": "",
        "group": "60858926ba104e9f",
        "order": 5,
        "width": 4,
        "height": 1,
        "passthru": true,
        "label": "Qlight+ boot enable",
        "tooltip": "",
        "color": "",
        "bgcolor": "",
        "className": "",
        "icon": "",
        "payload": "",
        "payloadType": "str",
        "topic": "topic",
        "topicType": "msg",
        "x": 410,
        "y": 560,
        "wires": [
            [
                "eee3d59843efec34"
            ]
        ]
    },
    {
        "id": "d80b2c5a8c8796f5",
        "type": "ui_button",
        "z": "92eb4b58d1b24032",
        "name": "",
        "group": "60858926ba104e9f",
        "order": 6,
        "width": 4,
        "height": 1,
        "passthru": true,
        "label": "Qlight+ boot disable",
        "tooltip": "",
        "color": "",
        "bgcolor": "",
        "className": "",
        "icon": "",
        "payload": "",
        "payloadType": "str",
        "topic": "topic",
        "topicType": "msg",
        "x": 420,
        "y": 620,
        "wires": [
            [
                "b249f65a0e391ad5"
            ]
        ]
    },
    {
        "id": "f06a175e653152e7",
        "type": "exec",
        "z": "92eb4b58d1b24032",
        "command": "C:\\videotools\\arena6atboot.lnk",
        "addpay": "",
        "append": "",
        "useSpawn": "false",
        "timer": "",
        "winHide": false,
        "oldrc": false,
        "name": "",
        "x": 810,
        "y": 380,
        "wires": [
            [],
            [],
            []
        ]
    },
    {
        "id": "3bed8ca15552b58d",
        "type": "inject",
        "z": "92eb4b58d1b24032",
        "name": "",
        "props": [
            {
                "p": "payload"
            },
            {
                "p": "topic",
                "vt": "str"
            }
        ],
        "repeat": "",
        "crontab": "",
        "once": false,
        "onceDelay": 0.1,
        "topic": "",
        "payload": "",
        "payloadType": "date",
        "x": 180,
        "y": 380,
        "wires": [
            [
                "6b836ae4237a57d0"
            ]
        ]
    },
    {
        "id": "fa3b8ea4612680e3",
        "type": "exec",
        "z": "92eb4b58d1b24032",
        "command": "C:\\videotools\\arena6not.lnk",
        "addpay": "",
        "append": "",
        "useSpawn": "false",
        "timer": "",
        "winHide": false,
        "oldrc": false,
        "name": "",
        "x": 800,
        "y": 440,
        "wires": [
            [],
            [],
            []
        ]
    },
    {
        "id": "19c185a10d39f30a",
        "type": "inject",
        "z": "92eb4b58d1b24032",
        "name": "",
        "props": [
            {
                "p": "payload"
            },
            {
                "p": "topic",
                "vt": "str"
            }
        ],
        "repeat": "",
        "crontab": "",
        "once": false,
        "onceDelay": 0.1,
        "topic": "",
        "payload": "",
        "payloadType": "date",
        "x": 180,
        "y": 440,
        "wires": [
            [
                "7b4e7170dd6e4f20"
            ]
        ]
    },
    {
        "id": "6b836ae4237a57d0",
        "type": "ui_button",
        "z": "92eb4b58d1b24032",
        "name": "",
        "group": "60858926ba104e9f",
        "order": 3,
        "width": 4,
        "height": 1,
        "passthru": true,
        "label": "Arena 6 boot enable",
        "tooltip": "",
        "color": "",
        "bgcolor": "",
        "className": "",
        "icon": "",
        "payload": "",
        "payloadType": "str",
        "topic": "topic",
        "topicType": "msg",
        "x": 420,
        "y": 380,
        "wires": [
            [
                "f06a175e653152e7"
            ]
        ]
    },
    {
        "id": "7b4e7170dd6e4f20",
        "type": "ui_button",
        "z": "92eb4b58d1b24032",
        "name": "",
        "group": "60858926ba104e9f",
        "order": 4,
        "width": 4,
        "height": 1,
        "passthru": true,
        "label": "Arena 6 boot disable",
        "tooltip": "",
        "color": "",
        "bgcolor": "",
        "className": "",
        "icon": "",
        "payload": "",
        "payloadType": "str",
        "topic": "topic",
        "topicType": "msg",
        "x": 420,
        "y": 440,
        "wires": [
            [
                "fa3b8ea4612680e3"
            ]
        ]
    },
    {
        "id": "d3de89cc9a5f6b58",
        "type": "exec",
        "z": "92eb4b58d1b24032",
        "command": "C:\\videotools\\windowsupdatestop.lnk",
        "addpay": "",
        "append": "",
        "useSpawn": "false",
        "timer": "",
        "winHide": false,
        "oldrc": false,
        "name": "",
        "x": 830,
        "y": 740,
        "wires": [
            [],
            [],
            []
        ]
    },
    {
        "id": "72b299a9a13f9972",
        "type": "exec",
        "z": "92eb4b58d1b24032",
        "command": "C:\\videotools\\windowsupdatestart.lnk",
        "addpay": "",
        "append": "",
        "useSpawn": "false",
        "timer": "",
        "winHide": false,
        "oldrc": false,
        "name": "",
        "x": 830,
        "y": 820,
        "wires": [
            [],
            [],
            []
        ]
    },
    {
        "id": "89476335ce8ff7e3",
        "type": "inject",
        "z": "92eb4b58d1b24032",
        "name": "",
        "props": [
            {
                "p": "payload"
            },
            {
                "p": "topic",
                "vt": "str"
            }
        ],
        "repeat": "",
        "crontab": "",
        "once": false,
        "onceDelay": 0.1,
        "topic": "",
        "payload": "",
        "payloadType": "date",
        "x": 180,
        "y": 740,
        "wires": [
            [
                "447a8669cedcde0d"
            ]
        ]
    },
    {
        "id": "447a8669cedcde0d",
        "type": "ui_button",
        "z": "92eb4b58d1b24032",
        "name": "",
        "group": "60858926ba104e9f",
        "order": 10,
        "width": 4,
        "height": 1,
        "passthru": true,
        "label": "Disable Windows Update",
        "tooltip": "",
        "color": "",
        "bgcolor": "",
        "className": "",
        "icon": "",
        "payload": "",
        "payloadType": "str",
        "topic": "topic",
        "topicType": "msg",
        "x": 430,
        "y": 740,
        "wires": [
            [
                "d3de89cc9a5f6b58"
            ]
        ]
    },
    {
        "id": "a67da57cca0a0cbc",
        "type": "inject",
        "z": "92eb4b58d1b24032",
        "name": "",
        "props": [
            {
                "p": "payload"
            },
            {
                "p": "topic",
                "vt": "str"
            }
        ],
        "repeat": "",
        "crontab": "",
        "once": false,
        "onceDelay": 0.1,
        "topic": "",
        "payload": "",
        "payloadType": "date",
        "x": 180,
        "y": 820,
        "wires": [
            [
                "4bb847c8d9807b62"
            ]
        ]
    },
    {
        "id": "4bb847c8d9807b62",
        "type": "ui_button",
        "z": "92eb4b58d1b24032",
        "name": "",
        "group": "60858926ba104e9f",
        "order": 11,
        "width": 4,
        "height": 1,
        "passthru": true,
        "label": "Enable Windows Update",
        "tooltip": "",
        "color": "",
        "bgcolor": "",
        "className": "",
        "icon": "",
        "payload": "",
        "payloadType": "str",
        "topic": "topic",
        "topicType": "msg",
        "x": 430,
        "y": 820,
        "wires": [
            [
                "72b299a9a13f9972"
            ]
        ]
    },
    {
        "id": "8436db41732e672c",
        "type": "exec",
        "z": "92eb4b58d1b24032",
        "command": "C:\\videotools\\vncserverstop.lnk",
        "addpay": "",
        "append": "",
        "useSpawn": "false",
        "timer": "",
        "winHide": false,
        "oldrc": false,
        "name": "",
        "x": 810,
        "y": 940,
        "wires": [
            [],
            [],
            []
        ]
    },
    {
        "id": "ccb304ba185a6ed5",
        "type": "exec",
        "z": "92eb4b58d1b24032",
        "command": "C:\\videotools\\vncserverstart.lnk",
        "addpay": "",
        "append": "",
        "useSpawn": "false",
        "timer": "",
        "winHide": false,
        "oldrc": false,
        "name": "",
        "x": 810,
        "y": 1020,
        "wires": [
            [],
            [],
            []
        ]
    },
    {
        "id": "06fa1040aa1c246a",
        "type": "inject",
        "z": "92eb4b58d1b24032",
        "name": "",
        "props": [
            {
                "p": "payload"
            },
            {
                "p": "topic",
                "vt": "str"
            }
        ],
        "repeat": "",
        "crontab": "",
        "once": false,
        "onceDelay": 0.1,
        "topic": "",
        "payload": "",
        "payloadType": "date",
        "x": 180,
        "y": 940,
        "wires": [
            [
                "668436ae518cc8b9"
            ]
        ]
    },
    {
        "id": "668436ae518cc8b9",
        "type": "ui_button",
        "z": "92eb4b58d1b24032",
        "name": "",
        "group": "60858926ba104e9f",
        "order": 8,
        "width": 4,
        "height": 1,
        "passthru": true,
        "label": "Disable Realvnc Server",
        "tooltip": "",
        "color": "",
        "bgcolor": "",
        "className": "",
        "icon": "",
        "payload": "",
        "payloadType": "str",
        "topic": "topic",
        "topicType": "msg",
        "x": 430,
        "y": 940,
        "wires": [
            [
                "8436db41732e672c"
            ]
        ]
    },
    {
        "id": "1e7cf98f1b3f4abc",
        "type": "inject",
        "z": "92eb4b58d1b24032",
        "name": "",
        "props": [
            {
                "p": "payload"
            },
            {
                "p": "topic",
                "vt": "str"
            }
        ],
        "repeat": "",
        "crontab": "",
        "once": false,
        "onceDelay": 0.1,
        "topic": "",
        "payload": "",
        "payloadType": "date",
        "x": 180,
        "y": 1020,
        "wires": [
            [
                "ec02530d353f7863"
            ]
        ]
    },
    {
        "id": "ec02530d353f7863",
        "type": "ui_button",
        "z": "92eb4b58d1b24032",
        "name": "",
        "group": "60858926ba104e9f",
        "order": 7,
        "width": 4,
        "height": 1,
        "passthru": true,
        "label": "Enable Realvnc Server",
        "tooltip": "",
        "color": "",
        "bgcolor": "",
        "className": "",
        "icon": "",
        "payload": "",
        "payloadType": "str",
        "topic": "topic",
        "topicType": "msg",
        "x": 420,
        "y": 1020,
        "wires": [
            [
                "ccb304ba185a6ed5"
            ]
        ]
    },
    {
        "id": "f5ca8735790ab33d",
        "type": "exec",
        "z": "92eb4b58d1b24032",
        "command": "C:\\videotools\\recoverydisable.lnk",
        "addpay": "",
        "append": "",
        "useSpawn": "false",
        "timer": "",
        "winHide": false,
        "oldrc": false,
        "name": "",
        "x": 820,
        "y": 1120,
        "wires": [
            [],
            [],
            []
        ]
    },
    {
        "id": "f0e84fb7b074497b",
        "type": "inject",
        "z": "92eb4b58d1b24032",
        "name": "",
        "props": [
            {
                "p": "payload"
            },
            {
                "p": "topic",
                "vt": "str"
            }
        ],
        "repeat": "",
        "crontab": "",
        "once": false,
        "onceDelay": 0.1,
        "topic": "",
        "payload": "",
        "payloadType": "date",
        "x": 180,
        "y": 1120,
        "wires": [
            [
                "6e5af00be50f0347"
            ]
        ]
    },
    {
        "id": "6e5af00be50f0347",
        "type": "ui_button",
        "z": "92eb4b58d1b24032",
        "name": "",
        "group": "60858926ba104e9f",
        "order": 12,
        "width": 4,
        "height": 1,
        "passthru": true,
        "label": "Disable Windows Recovery",
        "tooltip": "",
        "color": "",
        "bgcolor": "",
        "className": "",
        "icon": "",
        "payload": "",
        "payloadType": "str",
        "topic": "topic",
        "topicType": "msg",
        "x": 440,
        "y": 1120,
        "wires": [
            [
                "f5ca8735790ab33d"
            ]
        ]
    },
    {
        "id": "52d65e5962a71fb4",
        "type": "exec",
        "z": "92eb4b58d1b24032",
        "command": "C:\\videotools\\recoveryenable.lnk",
        "addpay": "",
        "append": "",
        "useSpawn": "false",
        "timer": "",
        "winHide": false,
        "oldrc": false,
        "name": "",
        "x": 810,
        "y": 1180,
        "wires": [
            [],
            [],
            []
        ]
    },
    {
        "id": "b36f5984c6e33daa",
        "type": "inject",
        "z": "92eb4b58d1b24032",
        "name": "",
        "props": [
            {
                "p": "payload"
            },
            {
                "p": "topic",
                "vt": "str"
            }
        ],
        "repeat": "",
        "crontab": "",
        "once": false,
        "onceDelay": 0.1,
        "topic": "",
        "payload": "",
        "payloadType": "date",
        "x": 180,
        "y": 1180,
        "wires": [
            [
                "03712c5f9103e3a4"
            ]
        ]
    },
    {
        "id": "03712c5f9103e3a4",
        "type": "ui_button",
        "z": "92eb4b58d1b24032",
        "name": "",
        "group": "60858926ba104e9f",
        "order": 13,
        "width": 4,
        "height": 1,
        "passthru": true,
        "label": "Enable Windows Recovery",
        "tooltip": "",
        "color": "",
        "bgcolor": "",
        "className": "",
        "icon": "",
        "payload": "",
        "payloadType": "str",
        "topic": "topic",
        "topicType": "msg",
        "x": 440,
        "y": 1180,
        "wires": [
            [
                "52d65e5962a71fb4"
            ]
        ]
    },
    {
        "id": "03135f54312021b5",
        "type": "exec",
        "z": "92eb4b58d1b24032",
        "command": "C:\\videotools\\reboot.bat",
        "addpay": "",
        "append": "",
        "useSpawn": "false",
        "timer": "",
        "winHide": false,
        "oldrc": false,
        "name": "",
        "x": 790,
        "y": 1280,
        "wires": [
            [],
            [],
            []
        ]
    },
    {
        "id": "2788f1e84bd80bf9",
        "type": "inject",
        "z": "92eb4b58d1b24032",
        "name": "",
        "props": [
            {
                "p": "payload"
            },
            {
                "p": "topic",
                "vt": "str"
            }
        ],
        "repeat": "",
        "crontab": "",
        "once": false,
        "onceDelay": 0.1,
        "topic": "",
        "payload": "",
        "payloadType": "date",
        "x": 180,
        "y": 1360,
        "wires": [
            [
                "955395280cf756bc"
            ]
        ]
    },
    {
        "id": "955395280cf756bc",
        "type": "ui_button",
        "z": "92eb4b58d1b24032",
        "name": "",
        "group": "60858926ba104e9f",
        "order": 18,
        "width": 4,
        "height": 1,
        "passthru": true,
        "label": "Shutdown Server",
        "tooltip": "",
        "color": "",
        "bgcolor": "",
        "className": "",
        "icon": "",
        "payload": "",
        "payloadType": "str",
        "topic": "topic",
        "topicType": "msg",
        "x": 410,
        "y": 1360,
        "wires": [
            [
                "e5e73539521c2b36"
            ]
        ]
    },
    {
        "id": "e5e73539521c2b36",
        "type": "exec",
        "z": "92eb4b58d1b24032",
        "command": "C:\\videotools\\shutdown.bat",
        "addpay": "",
        "append": "",
        "useSpawn": "false",
        "timer": "",
        "winHide": false,
        "oldrc": false,
        "name": "",
        "x": 800,
        "y": 1360,
        "wires": [
            [],
            [],
            []
        ]
    },
    {
        "id": "6e479a98ed36c190",
        "type": "inject",
        "z": "92eb4b58d1b24032",
        "name": "",
        "props": [
            {
                "p": "payload"
            },
            {
                "p": "topic",
                "vt": "str"
            }
        ],
        "repeat": "",
        "crontab": "",
        "once": false,
        "onceDelay": 0.1,
        "topic": "",
        "payload": "",
        "payloadType": "date",
        "x": 180,
        "y": 1280,
        "wires": [
            [
                "0746bee9e0e10e99"
            ]
        ]
    },
    {
        "id": "0746bee9e0e10e99",
        "type": "ui_button",
        "z": "92eb4b58d1b24032",
        "name": "",
        "group": "60858926ba104e9f",
        "order": 16,
        "width": 4,
        "height": 1,
        "passthru": true,
        "label": "Reboot Server",
        "tooltip": "",
        "color": "",
        "bgcolor": "",
        "className": "",
        "icon": "",
        "payload": "",
        "payloadType": "str",
        "topic": "topic",
        "topicType": "msg",
        "x": 400,
        "y": 1280,
        "wires": [
            [
                "03135f54312021b5"
            ]
        ]
    },
    {
        "id": "71c48c0c0b2e3282",
        "type": "comment",
        "z": "92eb4b58d1b24032",
        "name": "override",
        "info": "Override by pressing escape on the local computer",
        "x": 620,
        "y": 1320,
        "wires": []
    },
    {
        "id": "708684f9ddfe7982",
        "type": "ui_spacer",
        "z": "92eb4b58d1b24032",
        "name": "spacer",
        "group": "60858926ba104e9f",
        "order": 9,
        "width": 8,
        "height": 1
    },
    {
        "id": "e66c79ef09d4f89f",
        "type": "ui_spacer",
        "z": "92eb4b58d1b24032",
        "name": "spacer",
        "group": "60858926ba104e9f",
        "order": 14,
        "width": 8,
        "height": 1
    },
    {
        "id": "08d06048aade3b82",
        "type": "ui_spacer",
        "z": "92eb4b58d1b24032",
        "name": "spacer",
        "group": "60858926ba104e9f",
        "order": 15,
        "width": 4,
        "height": 1
    },
    {
        "id": "6985c2ade6416d78",
        "type": "ui_spacer",
        "z": "92eb4b58d1b24032",
        "name": "spacer",
        "group": "60858926ba104e9f",
        "order": 17,
        "width": 4,
        "height": 1
    },
    {
        "id": "60858926ba104e9f",
        "type": "ui_group",
        "name": "Options",
        "tab": "6c3b5caaf8ccddd0",
        "order": 1,
        "disp": true,
        "width": 8,
        "collapse": false,
        "className": ""
    },
    {
        "id": "6c3b5caaf8ccddd0",
        "type": "ui_tab",
        "name": "Options",
        "icon": "settings",
        "disabled": false,
        "hidden": false
    }
]