[
    {
        "id": "0f2c402001b9f1db",
        "type": "tab",
        "label": "Settings",
        "disabled": false,
        "info": "",
        "env": []
    },
    {
        "id": "2b275e9fa06169ef",
        "type": "exec",
        "z": "0f2c402001b9f1db",
        "command": "C:\\noderedtools\\arena7atboot.bat",
        "addpay": "",
        "append": "",
        "useSpawn": "false",
        "timer": "",
        "winHide": false,
        "oldrc": false,
        "name": "",
        "x": 680,
        "y": 180,
        "wires": [
            [
                "91adb789d8f7c7ec"
            ],
            [
                "91adb789d8f7c7ec"
            ],
            [
                "91adb789d8f7c7ec"
            ]
        ]
    },
    {
        "id": "a48c81e2192e5079",
        "type": "inject",
        "z": "0f2c402001b9f1db",
        "name": "",
        "props": [
            {
                "p": "payload"
            },
            {
                "p": "topic",
                "vt": "str"
            }
        ],
        "repeat": "",
        "crontab": "",
        "once": false,
        "onceDelay": 0.1,
        "topic": "",
        "payload": "",
        "payloadType": "date",
        "x": 160,
        "y": 180,
        "wires": [
            [
                "74f9854d8d3b87b6"
            ]
        ]
    },
    {
        "id": "91adb789d8f7c7ec",
        "type": "debug",
        "z": "0f2c402001b9f1db",
        "name": "",
        "active": true,
        "tosidebar": true,
        "console": false,
        "tostatus": false,
        "complete": "false",
        "statusVal": "",
        "statusType": "auto",
        "x": 1070,
        "y": 200,
        "wires": []
    },
    {
        "id": "bca23e0910614d6a",
        "type": "exec",
        "z": "0f2c402001b9f1db",
        "command": "C:\\noderedtools\\arena7not.bat",
        "addpay": "",
        "append": "",
        "useSpawn": "false",
        "timer": "",
        "winHide": false,
        "oldrc": false,
        "name": "",
        "x": 710,
        "y": 300,
        "wires": [
            [
                "91adb789d8f7c7ec"
            ],
            [
                "91adb789d8f7c7ec"
            ],
            [
                "91adb789d8f7c7ec"
            ]
        ]
    },
    {
        "id": "2c522e10e8edeb0f",
        "type": "inject",
        "z": "0f2c402001b9f1db",
        "name": "",
        "props": [
            {
                "p": "payload"
            },
            {
                "p": "topic",
                "vt": "str"
            }
        ],
        "repeat": "",
        "crontab": "",
        "once": false,
        "onceDelay": 0.1,
        "topic": "",
        "payload": "",
        "payloadType": "date",
        "x": 160,
        "y": 300,
        "wires": [
            [
                "1cb78e149ec4c0a5"
            ]
        ]
    },
    {
        "id": "70024db11307f453",
        "type": "exec",
        "z": "0f2c402001b9f1db",
        "command": "C:\\noderedtools\\qlightatboot.bat",
        "addpay": "",
        "append": "",
        "useSpawn": "false",
        "timer": "",
        "winHide": false,
        "oldrc": false,
        "name": "",
        "x": 810,
        "y": 560,
        "wires": [
            [],
            [],
            []
        ]
    },
    {
        "id": "b5abfc520f043f24",
        "type": "inject",
        "z": "0f2c402001b9f1db",
        "name": "",
        "props": [
            {
                "p": "payload"
            },
            {
                "p": "topic",
                "vt": "str"
            }
        ],
        "repeat": "",
        "crontab": "",
        "once": false,
        "onceDelay": 0.1,
        "topic": "",
        "payload": "",
        "payloadType": "date",
        "x": 180,
        "y": 560,
        "wires": [
            [
                "5c33a201d6bc9990"
            ]
        ]
    },
    {
        "id": "4877a796d9c01b01",
        "type": "exec",
        "z": "0f2c402001b9f1db",
        "command": "C:\\noderedtools\\qlightnot.bat",
        "addpay": "",
        "append": "",
        "useSpawn": "false",
        "timer": "",
        "winHide": false,
        "oldrc": false,
        "name": "",
        "x": 820,
        "y": 680,
        "wires": [
            [],
            [],
            []
        ]
    },
    {
        "id": "1f5c7523470cb05a",
        "type": "inject",
        "z": "0f2c402001b9f1db",
        "name": "",
        "props": [
            {
                "p": "payload"
            },
            {
                "p": "topic",
                "vt": "str"
            }
        ],
        "repeat": "",
        "crontab": "",
        "once": false,
        "onceDelay": 0.1,
        "topic": "",
        "payload": "",
        "payloadType": "date",
        "x": 160,
        "y": 680,
        "wires": [
            [
                "7f2c96e55e17e9f4"
            ]
        ]
    },
    {
        "id": "74f9854d8d3b87b6",
        "type": "ui_button",
        "z": "0f2c402001b9f1db",
        "name": "",
        "group": "60858926ba104e9f",
        "order": 1,
        "width": 0,
        "height": 0,
        "passthru": false,
        "label": "Arena 7 boot enable",
        "tooltip": "",
        "color": "",
        "bgcolor": "",
        "className": "",
        "icon": "",
        "payload": "",
        "payloadType": "str",
        "topic": "topic",
        "topicType": "msg",
        "x": 380,
        "y": 180,
        "wires": [
            [
                "2b275e9fa06169ef"
            ]
        ]
    },
    {
        "id": "1cb78e149ec4c0a5",
        "type": "ui_button",
        "z": "0f2c402001b9f1db",
        "name": "",
        "group": "60858926ba104e9f",
        "order": 4,
        "width": 0,
        "height": 0,
        "passthru": false,
        "label": "Arena 7 boot disable",
        "tooltip": "",
        "color": "",
        "bgcolor": "",
        "className": "",
        "icon": "",
        "payload": "",
        "payloadType": "str",
        "topic": "topic",
        "topicType": "msg",
        "x": 380,
        "y": 300,
        "wires": [
            [
                "bca23e0910614d6a"
            ]
        ]
    },
    {
        "id": "5c33a201d6bc9990",
        "type": "ui_button",
        "z": "0f2c402001b9f1db",
        "name": "",
        "group": "60858926ba104e9f",
        "order": 3,
        "width": 0,
        "height": 0,
        "passthru": false,
        "label": "Qlight+ boot enable",
        "tooltip": "",
        "color": "",
        "bgcolor": "",
        "className": "",
        "icon": "",
        "payload": "",
        "payloadType": "str",
        "topic": "topic",
        "topicType": "msg",
        "x": 390,
        "y": 560,
        "wires": [
            [
                "70024db11307f453"
            ]
        ]
    },
    {
        "id": "7f2c96e55e17e9f4",
        "type": "ui_button",
        "z": "0f2c402001b9f1db",
        "name": "",
        "group": "60858926ba104e9f",
        "order": 6,
        "width": 0,
        "height": 0,
        "passthru": false,
        "label": "Qlight+ boot disable",
        "tooltip": "",
        "color": "",
        "bgcolor": "",
        "className": "",
        "icon": "",
        "payload": "",
        "payloadType": "str",
        "topic": "topic",
        "topicType": "msg",
        "x": 420,
        "y": 680,
        "wires": [
            [
                "4877a796d9c01b01"
            ]
        ]
    },
    {
        "id": "86395cc21efe0f8d",
        "type": "exec",
        "z": "0f2c402001b9f1db",
        "command": "C:\\noderedtools\\arena6atboot.bat",
        "addpay": "",
        "append": "",
        "useSpawn": "false",
        "timer": "",
        "winHide": false,
        "oldrc": false,
        "name": "",
        "x": 660,
        "y": 380,
        "wires": [
            [
                "4f3b3687cf46845f"
            ],
            [
                "4f3b3687cf46845f"
            ],
            [
                "4f3b3687cf46845f"
            ]
        ]
    },
    {
        "id": "f0271d3bc52089a3",
        "type": "inject",
        "z": "0f2c402001b9f1db",
        "name": "",
        "props": [
            {
                "p": "payload"
            },
            {
                "p": "topic",
                "vt": "str"
            }
        ],
        "repeat": "",
        "crontab": "",
        "once": false,
        "onceDelay": 0.1,
        "topic": "",
        "payload": "",
        "payloadType": "date",
        "x": 140,
        "y": 380,
        "wires": [
            [
                "729eb05abca22aec"
            ]
        ]
    },
    {
        "id": "4f3b3687cf46845f",
        "type": "debug",
        "z": "0f2c402001b9f1db",
        "name": "",
        "active": true,
        "tosidebar": true,
        "console": false,
        "tostatus": false,
        "complete": "false",
        "statusVal": "",
        "statusType": "auto",
        "x": 1050,
        "y": 400,
        "wires": []
    },
    {
        "id": "3d9285a2837e3436",
        "type": "exec",
        "z": "0f2c402001b9f1db",
        "command": "C:\\noderedtools\\arena6not.bat",
        "addpay": "",
        "append": "",
        "useSpawn": "false",
        "timer": "",
        "winHide": false,
        "oldrc": false,
        "name": "",
        "x": 690,
        "y": 500,
        "wires": [
            [
                "4f3b3687cf46845f"
            ],
            [
                "4f3b3687cf46845f"
            ],
            [
                "4f3b3687cf46845f"
            ]
        ]
    },
    {
        "id": "1351c5058a549c82",
        "type": "inject",
        "z": "0f2c402001b9f1db",
        "name": "",
        "props": [
            {
                "p": "payload"
            },
            {
                "p": "topic",
                "vt": "str"
            }
        ],
        "repeat": "",
        "crontab": "",
        "once": false,
        "onceDelay": 0.1,
        "topic": "",
        "payload": "",
        "payloadType": "date",
        "x": 140,
        "y": 500,
        "wires": [
            [
                "da7b5d4be5cbc23c"
            ]
        ]
    },
    {
        "id": "729eb05abca22aec",
        "type": "ui_button",
        "z": "0f2c402001b9f1db",
        "name": "",
        "group": "60858926ba104e9f",
        "order": 2,
        "width": 0,
        "height": 0,
        "passthru": false,
        "label": "Arena 6 boot enable",
        "tooltip": "",
        "color": "",
        "bgcolor": "",
        "className": "",
        "icon": "",
        "payload": "",
        "payloadType": "str",
        "topic": "topic",
        "topicType": "msg",
        "x": 360,
        "y": 380,
        "wires": [
            [
                "86395cc21efe0f8d"
            ]
        ]
    },
    {
        "id": "da7b5d4be5cbc23c",
        "type": "ui_button",
        "z": "0f2c402001b9f1db",
        "name": "",
        "group": "60858926ba104e9f",
        "order": 5,
        "width": 0,
        "height": 0,
        "passthru": false,
        "label": "Arena 6 boot disable",
        "tooltip": "",
        "color": "",
        "bgcolor": "",
        "className": "",
        "icon": "",
        "payload": "",
        "payloadType": "str",
        "topic": "topic",
        "topicType": "msg",
        "x": 360,
        "y": 500,
        "wires": [
            [
                "3d9285a2837e3436"
            ]
        ]
    },
    {
        "id": "8834870d7ec82d33",
        "type": "exec",
        "z": "0f2c402001b9f1db",
        "command": "C:\\noderedtools\\reboot.bat",
        "addpay": "",
        "append": "",
        "useSpawn": "false",
        "timer": "",
        "winHide": false,
        "oldrc": false,
        "name": "",
        "x": 780,
        "y": 800,
        "wires": [
            [
                "acc747f918d4c65b"
            ],
            [
                "acc747f918d4c65b"
            ],
            [
                "acc747f918d4c65b"
            ]
        ]
    },
    {
        "id": "4cb8f0a44b7fb71c",
        "type": "inject",
        "z": "0f2c402001b9f1db",
        "name": "",
        "props": [
            {
                "p": "payload"
            },
            {
                "p": "topic",
                "vt": "str"
            }
        ],
        "repeat": "",
        "crontab": "",
        "once": false,
        "onceDelay": 0.1,
        "topic": "",
        "payload": "",
        "payloadType": "date",
        "x": 140,
        "y": 800,
        "wires": [
            [
                "b357cb82400dd5b7"
            ]
        ]
    },
    {
        "id": "b357cb82400dd5b7",
        "type": "ui_button",
        "z": "0f2c402001b9f1db",
        "name": "",
        "group": "60858926ba104e9f",
        "order": 6,
        "width": 0,
        "height": 0,
        "passthru": false,
        "label": "Reboot Server",
        "tooltip": "",
        "color": "",
        "bgcolor": "",
        "className": "",
        "icon": "",
        "payload": "",
        "payloadType": "str",
        "topic": "topic",
        "topicType": "msg",
        "x": 380,
        "y": 800,
        "wires": [
            [
                "8834870d7ec82d33"
            ]
        ]
    },
    {
        "id": "acc747f918d4c65b",
        "type": "debug",
        "z": "0f2c402001b9f1db",
        "name": "",
        "active": true,
        "tosidebar": true,
        "console": false,
        "tostatus": false,
        "complete": "false",
        "statusVal": "",
        "statusType": "auto",
        "x": 1010,
        "y": 880,
        "wires": []
    },
    {
        "id": "60858926ba104e9f",
        "type": "ui_group",
        "name": "Options",
        "tab": "6c3b5caaf8ccddd0",
        "order": 1,
        "disp": true,
        "width": "6",
        "collapse": false,
        "className": ""
    },
    {
        "id": "6c3b5caaf8ccddd0",
        "type": "ui_tab",
        "name": "Options",
        "icon": "settings",
        "disabled": false,
        "hidden": false
    }
]